2020;foto profilo;http://sphotos-f.ak.fbcdn.net/hphotos-ak-snc7/296954_2481056547346_377515764_n.jpg
2021;La Rocca di Arco;http://farm8.static.flickr.com/7192/6892145447_cd2f8b31d1_z.jpg
2022;La Rocca di Arco;http://farm8.static.flickr.com/7040/6892195053_60fa48b087_z.jpg
2023;Trento / ??? - Palazzo Pretorio ? Torre Civica;http://farm8.static.flickr.com/7090/7171314383_de7e5002f7_z.jpg
2024;Trento / ??? - ?????;http://farm8.static.flickr.com/7105/7171314705_d1c1a0b38b_z.jpg
2025;Castel Toblino;http://farm8.static.flickr.com/7068/6892114573_527ee09908_z.jpg
2026;Trento / ??? - ???;http://farm9.static.flickr.com/8003/7171311983_dbf9b5310a_z.jpg
2027;Castello di Dro;http://farm8.static.flickr.com/7208/6892122415_00d3443d35_z.jpg
2028;La Rocca di Arco;http://farm8.static.flickr.com/7044/6892188439_c1ef36f9a2_z.jpg
2029;Castello di Drena (Trento) â€“ Nello stile di una stampa antica;http://farm9.static.flickr.com/8037/8066636240_5769b0000e_z.jpg
2030;La Rocca di Arco;http://farm8.static.flickr.com/7042/6892175303_cbfbb4cd16_z.jpg
2031;Arco;http://farm8.static.flickr.com/7061/6892199711_dbe2639d3e_z.jpg
2032;Castel Toblino;http://farm8.static.flickr.com/7208/6892095097_0d0dc424c8_z.jpg
2033;Trento / ??? - Duomo di Trento;http://farm8.static.flickr.com/7072/7171315371_8afa3b5ce6_z.jpg
2034;La Rocca di Arco;http://farm8.static.flickr.com/7190/6892138625_bce9b70ae7_z.jpg
2035;Panorama dalla Rocca di Arco;http://farm8.static.flickr.com/7209/6892161641_595ed443bf_z.jpg
2036;La Rocca di Arco;http://farm8.static.flickr.com/7190/6892132269_fa9dda118a_z.jpg
2037;La Rocca di Arco;http://farm8.static.flickr.com/7048/6892149899_089b11e07b_z.jpg
2038;La Rocca di Arco;http://farm8.static.flickr.com/7036/6892172519_e5760f619e_z.jpg
2039;Trento / ??? - ?????;http://farm8.static.flickr.com/7217/7171312781_ee712a42df_z.jpg
2040;Castel Toblino;http://farm8.static.flickr.com/7040/6892092213_399f07c68b_z.jpg
2041;La Rocca di Arco;http://farm8.static.flickr.com/7208/6892163803_003fd50946_z.jpg
2042;Trento / ??? - Pasta;http://farm8.static.flickr.com/7233/7356528164_5e8e0c1f4c_z.jpg
2043;Arco, portale;http://farm8.static.flickr.com/7193/6892155949_3b1d185463_z.jpg
2044;Castel Toblino;http://farm8.static.flickr.com/7046/6892107901_a15eac1f3d_z.jpg
2045;Trento / ??? - Duomo di Trento;http://farm8.static.flickr.com/7080/7356525702_6db652a4ca_z.jpg
2046;La Rocca di Arco;http://farm8.static.flickr.com/7201/6892166833_b70fdc78cf_z.jpg
2047;Trento / ??? - Casa Balduini;http://farm8.static.flickr.com/7076/7356529490_dce2f5de9f_z.jpg
2048;Trento / ??? - Piazza Duomo;http://farm8.static.flickr.com/7104/7171310361_b0f497aab8_z.jpg
2049;Arco;http://farm8.static.flickr.com/7202/6892205469_880209d9b5_z.jpg
2050;Castello di Dro;http://farm8.static.flickr.com/7041/6892128925_3e08e6b430_z.jpg
2051;prova;http://farm3.staticflickr.com/2580/3847383245_cbd95e6474_o.jpg
2052;sunrise;http://upload.wikimedia.org/wikipedia/commons/c/c8/Sunrise.PNG
2053;sunrise;http://upload.wikimedia.org/wikipedia/commons/c/c8/Sunrise.PNG
2054;titolo della foto;http://i.imgur.com/o43q5.jpg
2055;Old house in the mountain;http://www.georgezimbel.com/blog/wp-content/uploads/2008/09/the-old-ferguson-place-pei1980.jpg
2056;Old house in the mountain;http://photos.igougo.com/images/p304423-Black_Hills_SD-Old_House.jpg
