id;titolo
2020;main_foto profilo
2021;La Rocca di Arco
2022;La Rocca di Arco
2023;Trento / ??? - Palazzo Pretorio ? Torre Civica
2024;Trento / ??? - ?????
2025;Castel Toblino
2026;Trento / ??? - ???
2027;Castello di Dro
2028;La Rocca di Arco
2029;Castello di Drena ( Nello stile di una stampa antica
2031;Arco
2032;Castel Toblino
2033;Trento / ??? - Duomo di Trento
2034;La Rocca di Arco
2035;Panorama dalla Rocca di Arco
2036;La Rocca di Arco
2037;La Rocca di Arco
2038;La Rocca di Arco
2039;Trento / ??? - ?????
2040;Castel Toblino
2041;La Rocca di Arco
2042;Trento / ??? - Pasta
2043;Arco, portale
2044;Castel Toblino
2045;Trento / ??? - Duomo di Trento
2046;La Rocca di Arco
2047;Trento / ??? - Casa Balduini
2048;Trento / ??? - Piazza Duomo
2049;Arco
2050;Castello di Dro
2051;prova
2052;sunrise
2053;sunrise
2054;titolo della main_foto
2055;Old house in the mountain
2056;Old house in the mountain
